0,0,0,0,0,0,0,0,0,0,0,0,0,0,0,0,0,0,0,0,0,0,0,0,0,0,0,0,0,0
0,52,8,24,0,0,0,0,43,0,0,1,0,42,55,22,26,11,23,22,0,56,39,31,63,0,26,0,10,0
0,52,11,6,0,0,0,0,57,0,0,1,0,48,40,22,15,8,23,22,0,15,20,43,62,0,23,26,17,0
0,49,7,0,0,0,0,0,50,0,0,3,0,46,55,34,15,6,23,22,0,15,20,37,67,0,23,49,10,2
0,46,13,0,0,0,0,0,53,18,0,3,0,66,43,29,15,13,23,22,0,49,20,33,55,0,23,17,10,0
0,40,16,15,0,0,0,0,45,0,0,0,0,41,48,23,26,16,23,22,0,43,20,30,50,0,23,17,6,0
0,41,4,9,0,0,0,0,42,0,0,2,0,48,48,31,15,13,23,26,0,15,39,31,46,0,21,0,17,0
0,39,8,0,0,0,0,0,50,0,0,0,0,56,45,26,5,17,23,22,0,15,39,32,41,0,21,20,11,0
0,43,15,15,0,0,0,0,35,0,0,1,0,54,40,25,5,14,23,22,0,35,20,38,67,0,19,17,10,2
0,35,7,6,0,0,0,0,43,0,0,2,0,36,48,29,26,8,23,22,0,30,20,44,61,0,19,0,12,0
0,37,3,0,0,0,0,0,37,14,0,0,0,37,47,27,26,16,23,22,0,15,20,20,43,0,19,22,10,0
0,38,4,24,0,0,0,0,52,0,0,0,0,51,43,27,15,13,23,22,0,15,20,29,48,0,18,0,20,0
0,34,5,0,0,0,0,0,44,0,0,0,0,40,31,25,15,13,23,22,0,27,20,21,35,0,19,0,11,0
0,34,4,0,0,0,0,0,39,0,0,2,0,33,28,20,15,9,23,22,0,15,39,24,34,0,16,17,10,0
0,38,6,15,0,0,0,0,36,0,16,0,0,56,32,28,26,13,23,22,0,15,20,26,49,0,19,0,10,0
0,33,10,15,0,0,0,0,22,14,0,0,0,30,32,34,15,6,23,26,0,15,39,27,39,0,18,0,10,0
0,38,3,0,0,0,0,0,30,0,0,2,0,51,31,20,26,10,23,22,0,15,20,37,45,0,18,0,20,0
0,37,10,0,0,0,0,0,26,10,0,0,0,50,41,29,15,9,23,22,0,15,20,23,46,0,18,0,10,0
0,30,2,15,0,0,0,0,24,0,0,1,0,49,27,27,5,13,23,22,0,15,39,19,45,0,15,0,6,0
0,37,3,0,0,0,0,0,32,0,0,0,0,40,24,19,15,23,23,26,0,15,39,19,34,0,18,0,11,0
0,38,11,24,0,0,0,0,31,0,12,0,0,53,34,28,15,7,23,22,0,15,39,18,40,0,18,0,10,0
0,37,2,0,0,0,0,0,34,0,0,1,0,53,33,22,5,14,23,22,0,15,39,26,33,0,18,0,11,0
0,37,7,15,0,0,0,0,27,0,8,0,0,41,34,16,15,17,23,22,0,15,20,19,51,0,18,0,10,0
0,33,7,1,0,0,0,0,31,0,0,1,0,58,27,20,15,10,23,22,0,15,39,20,44,0,15,0,10,0
0,35,7,0,0,0,0,0,32,0,0,1,0,50,27,19,15,20,23,14,0,15,39,19,28,0,18,0,20,13
0,34,2,15,0,0,0,0,36,16,0,2,0,60,25,13,26,11,23,22,0,27,20,27,55,0,16,0,17,0
0,38,6,0,0,0,0,0,24,19,0,1,0,72,25,24,8,16,23,22,0,15,39,26,35,0,18,0,7,0
0,41,2,6,0,0,0,0,32,14,0,1,0,70,24,19,1,24,23,22,0,15,39,32,45,0,15,0,10,0
0,39,5,0,0,0,0,0,36,14,0,0,0,48,27,19,15,16,23,22,0,15,20,30,38,0,16,0,20,0
0,43,4,0,0,0,0,0,29,18,0,0,0,44,30,28,5,27,23,22,0,15,39,21,34,0,16,0,7,0
0,41,6,0,0,0,0,0,36,16,0,2,0,48,29,34,26,19,23,22,0,15,20,25,42,0,19,21,35,0
0,45,6,6,0,0,0,0,27,18,0,0,0,84,29,20,15,18,23,22,0,15,39,10,39,0,19,0,0,13
0,40,2,15,0,0,0,0,33,18,0,1,0,64,27,21,5,23,23,22,0,15,20,19,26,0,19,0,10,0
0,45,3,0,0,0,0,0,36,27,0,0,0,70,29,11,10,19,23,22,0,15,20,22,32,0,21,0,7,0
0,49,5,0,0,0,0,0,29,19,0,1,0,69,27,30,26,20,23,26,0,15,20,29,46,0,19,0,6,0
0,49,5,6,0,0,0,0,28,14,12,2,0,78,22,24,5,17,23,26,0,27,20,22,39,0,19,0,20,0
0,52,7,0,0,0,0,0,28,19,14,0,0,82,26,18,5,24,23,26,0,27,39,20,41,0,21,0,11,0
0,50,2,0,0,0,0,0,45,29,0,2,0,68,33,27,11,19,23,26,0,27,39,23,55,0,23,0,10,2
0,59,5,12,0,0,0,0,28,33,0,0,0,94,36,30,11,33,23,26,8,15,39,26,44,0,28,22,15,0
0,57,12,24,0,0,0,0,53,37,10,1,0,102,30,26,12,26,23,22,0,16,39,28,46,0,27,48,12,0
0,69,6,20,0,0,0,0,31,42,0,0,0,127,32,21,13,38,23,22,8,14,39,27,38,0,27,0,19,0
0,66,5,14,0,0,0,0,34,75,0,4,0,140,35,31,14,35,23,11,32,14,39,30,56,0,33,0,22,0
0,76,8,25,0,0,0,0,42,86,10,1,0,126,46,26,14,41,23,22,34,15,39,28,40,0,33,21,24,0
0,86,2,31,0,0,0,0,39,95,14,0,0,153,38,39,16,37,23,22,42,41,20,35,50,0,42,0,42,0
0,95,6,37,0,0,0,0,46,115,0,1,0,143,42,21,20,38,27,26,8,27,39,32,63,0,49,0,49,0
0,100,4,33,0,0,0,0,58,111,0,0,26,147,39,39,20,32,23,22,8,15,39,30,36,0,45,17,31,0
0,109,7,6,0,0,0,0,43,138,0,2,25,147,41,32,21,48,23,22,49,27,39,29,44,0,49,45,49,1
0,111,11,6,0,0,0,0,44,156,12,2,30,131,28,31,21,41,23,22,46,15,20,33,29,0,46,0,32,2
0,114,2,37,58,0,0,0,33,163,0,0,39,178,28,19,21,32,23,11,51,17,39,56,44,0,51,81,36,0
0,132,1,39,40,0,0,0,51,189,0,4,0,169,39,30,22,39,23,22,53,27,39,21,56,0,53,17,53,0
0,132,1,49,30,0,0,0,36,220,12,0,56,180,39,34,22,41,23,42,67,27,39,35,42,0,67,0,67,13
0,139,3,46,37,0,0,0,37,247,0,1,0,173,37,32,22,48,23,0,63,15,20,34,52,0,63,19,44,0
0,150,9,6,42,0,0,0,45,268,0,0,33,176,28,24,22,47,23,26,75,15,39,44,50,0,75,17,75,0
0,154,1,55,44,0,0,0,45,293,14,1,48,211,41,45,25,36,23,11,75,27,39,40,65,0,75,0,75,0
0,168,1,66,42,0,0,0,65,343,16,0,39,190,44,44,28,41,23,22,90,22,39,36,69,0,90,54,39,0
0,173,4,106,42,0,0,0,51,379,0,0,33,205,52,27,32,43,23,14,106,41,39,49,73,0,106,0,106,38
0,165,2,111,52,0,0,0,63,348,10,0,36,196,67,43,36,43,23,26,111,27,20,45,68,1,111,28,111,0
0,158,3,113,42,0,0,0,84,315,14,1,33,220,71,46,37,44,23,22,113,38,39,50,57,1,113,0,113,0
0,160,1,109,40,0,0,0,85,292,0,1,41,252,55,36,41,34,23,33,109,15,20,32,86,1,109,31,109,24
0,167,6,102,56,0,11,0,87,288,0,0,34,191,70,39,40,50,23,11,102,27,20,55,71,1,104,58,15,15
2,162,9,80,63,3,0,0,74,297,18,0,0,201,68,52,45,39,23,42,109,15,39,50,65,2,109,0,76,0
0,188,2,111,46,0,0,0,90,281,2,0,37,204,53,52,48,49,23,14,111,41,20,48,53,1,111,34,111,13
2,201,3,99,42,3,0,0,95,268,11,1,32,199,72,60,55,38,62,11,135,57,39,71,67,2,135,68,94,24
2,243,5,141,56,3,0,0,83,277,32,0,43,234,74,44,60,44,58,43,141,57,20,84,104,2,141,55,141,13
5,234,1,162,44,5,0,0,87,271,12,1,0,311,70,49,64,50,54,113,162,67,20,78,114,5,162,73,162,2
5,243,4,161,54,5,6,0,98,288,0,2,40,307,107,60,72,52,61,69,161,15,20,79,108,5,161,65,161,31
5,268,7,174,52,5,3,0,115,268,35,2,36,292,101,54,75,43,23,11,174,81,20,82,122,5,174,106,174,32
5,270,6,188,55,5,19,0,148,258,12,1,38,305,97,61,85,58,23,188,188,15,20,90,102,5,187,69,188,37
6,267,4,208,52,7,19,0,143,260,14,3,38,310,119,63,89,53,80,208,208,15,20,109,117,6,208,122,208,38
5,257,8,200,68,5,0,0,138,261,90,0,24,279,96,70,90,46,93,200,200,15,39,117,124,5,201,130,200,39
7,248,5,192,47,7,0,0,136,268,91,0,0,257,112,72,91,32,23,14,192,15,20,92,126,7,191,71,192,67
5,244,0,176,55,5,0,0,157,254,89,4,29,231,112,65,89,38,23,176,176,15,20,85,108,5,176,129,176,38
5,229,4,171,58,5,3,0,114,275,3,1,0,261,106,84,89,37,103,171,171,105,20,109,116,5,172,66,119,89
8,248,5,185,69,7,0,0,138,266,51,2,31,286,108,60,96,53,104,185,185,114,20,110,139,8,186,131,185,5
8,287,8,206,52,7,0,0,148,242,54,2,0,223,108,80,102,46,130,206,206,15,20,90,151,8,206,138,206,75
18,298,5,208,61,17,6,0,159,268,110,2,40,286,130,97,110,54,115,118,208,141,20,125,150,17,209,123,208,109
13,309,9,218,55,13,6,0,158,275,115,3,0,341,135,84,115,48,142,218,218,149,20,109,180,13,217,136,218,116
18,329,9,232,63,17,5,0,179,264,32,1,32,310,131,78,119,31,126,232,232,150,150,126,165,17,232,141,232,51
16,322,11,248,66,16,84,0,188,279,64,2,40,368,136,61,121,69,122,248,248,168,20,126,197,16,247,133,248,121
16,354,14,263,64,16,0,0,168,254,11,2,32,409,156,93,123,51,112,263,263,174,175,145,208,16,263,155,263,123
18,359,7,283,66,17,0,0,225,257,124,3,0,400,158,94,124,58,120,283,283,174,20,150,210,17,283,155,283,124
16,354,6,271,68,16,0,0,193,250,57,4,0,348,168,75,121,51,105,154,271,15,20,158,209,16,273,153,271,52
18,334,6,253,68,18,35,0,217,263,58,3,26,295,154,105,122,49,121,253,253,184,20,133,177,18,254,135,253,90
18,322,7,238,63,18,10,0,210,254,122,7,26,386,173,62,122,59,82,72,238,169,20,144,165,18,238,146,238,85
16,304,9,232,71,16,85,0,166,247,2,8,0,342,153,87,119,57,87,232,232,171,172,149,195,16,232,153,232,87
19,322,9,241,69,20,5,0,188,257,124,4,0,377,143,73,124,59,92,73,241,183,183,165,224,20,242,141,241,91
19,348,17,261,69,19,11,0,199,224,133,1,0,350,171,79,133,66,23,148,261,199,199,161,202,19,261,171,261,57
19,360,4,271,68,20,118,0,223,247,140,3,0,374,162,81,140,64,90,271,271,206,206,178,227,20,273,174,271,97
23,370,13,283,76,22,6,0,230,250,145,10,31,370,187,101,145,65,99,283,283,218,218,216,280,22,283,160,283,145
23,385,15,298,75,22,5,0,244,250,151,2,33,387,167,111,151,58,96,298,298,211,212,197,307,22,297,166,298,151
23,385,9,302,66,22,24,0,242,244,154,11,0,375,171,62,154,52,86,302,302,224,224,187,273,22,302,174,302,154
23,402,15,317,66,22,15,0,282,258,158,11,0,339,212,82,158,53,23,317,317,243,243,231,286,22,317,207,317,158
18,412,27,329,66,18,129,0,311,259,165,3,30,386,226,79,165,57,92,329,329,260,20,223,310,18,329,201,329,115
21,422,10,313,66,21,23,0,298,257,162,8,0,373,199,67,162,61,99,230,313,250,250,201,289,21,314,213,313,162
19,419,17,294,71,20,19,0,242,238,156,4,16,293,204,47,156,57,87,294,294,234,20,200,277,20,294,183,294,155
23,361,21,274,78,22,118,0,239,238,146,8,0,296,180,50,146,50,110,201,274,214,20,207,251,22,273,174,274,146
21,352,17,257,68,21,0,0,221,234,135,6,0,321,174,80,135,57,109,257,257,195,195,199,234,21,257,184,257,135
23,348,18,251,56,22,108,0,203,217,138,4,0,332,145,78,138,50,105,87,251,191,191,144,253,22,250,175,251,102
23,350,10,261,71,23,12,0,178,216,137,9,0,328,179,95,137,38,105,192,261,15,187,175,210,23,261,152,261,101
23,350,15,262,71,22,6,0,196,217,136,3,0,375,155,107,136,54,90,192,262,201,20,183,217,22,262,157,262,100
23,350,8,254,64,23,109,0,199,242,142,6,0,376,172,175,142,56,106,254,254,195,195,170,214,23,254,165,254,61
23,327,12,252,84,22,11,0,183,242,71,8,25,410,147,126,135,54,99,252,252,193,20,177,189,22,252,164,252,99
21,327,18,245,66,21,20,0,197,228,138,8,30,368,150,131,138,58,109,245,245,191,20,179,224,21,245,161,245,139
23,336,10,251,69,23,35,0,249,239,138,4,0,405,161,92,138,53,107,251,251,196,196,170,193,23,250,202,251,139
23,350,12,256,69,23,35,0,194,217,74,11,0,388,148,101,141,55,109,256,256,197,197,177,208,24,257,164,256,104
23,343,6,257,63,22,35,0,192,228,65,4,0,342,175,90,137,56,116,189,257,27,20,159,229,22,257,177,146,137
23,316,9,250,68,23,6,0,226,216,72,4,25,339,177,75,137,58,97,184,250,193,193,166,196,24,250,176,250,101
23,311,14,243,69,22,105,0,215,211,63,6,0,280,178,103,134,66,23,243,243,15,20,173,210,22,243,184,243,1
25,303,21,172,73,26,11,0,201,214,131,6,0,304,171,110,131,64,132,234,234,199,20,155,194,25,234,176,234,132
23,297,17,228,69,22,6,0,166,247,11,6,0,272,146,81,132,38,118,228,228,202,201,152,206,22,228,152,228,97
23,297,10,167,70,22,184,0,221,220,134,6,0,292,176,95,134,60,23,228,228,207,206,156,205,22,228,163,228,5
23,300,13,228,81,22,175,0,217,224,137,9,0,324,178,114,137,53,23,228,228,198,20,137,185,22,228,165,228,101
23,308,7,231,88,23,101,0,187,214,142,11,0,296,175,111,142,56,141,231,231,202,20,165,222,23,231,102,231,142
23,303,10,238,75,23,18,0,223,219,142,3,0,328,168,89,142,56,135,135,238,202,20,158,219,24,238,181,238,142
23,302,5,232,80,23,1,0,201,227,8,4,0,330,166,85,144,48,128,232,232,197,20,177,218,23,232,150,232,144
25,316,9,234,85,26,106,0,218,214,146,6,0,310,198,102,146,55,127,42,234,214,20,171,200,25,233,169,234,146
26,324,11,243,78,26,26,0,192,221,147,4,0,307,181,130,147,51,141,42,243,218,20,159,247,26,243,158,243,147
25,327,8,241,80,26,0,0,207,208,68,6,0,292,176,89,143,48,137,241,241,218,219,181,222,25,241,180,241,105
28,324,12,244,78,27,187,0,198,211,145,5,0,293,189,110,145,59,141,179,244,220,20,159,221,28,244,165,244,145
25,301,14,241,84,26,6,0,222,206,140,10,0,244,165,116,140,57,134,241,241,211,20,173,217,25,241,163,241,139
28,313,13,237,82,27,20,0,178,212,65,9,0,251,190,100,137,53,130,237,237,211,211,161,227,28,236,159,237,137
28,306,7,232,76,27,103,0,200,206,142,5,0,308,186,112,142,47,142,232,232,211,20,185,224,28,232,170,232,104
29,320,6,237,78,30,10,0,238,205,145,4,0,299,176,82,145,53,156,237,237,215,20,151,222,29,238,178,237,145
26,311,10,237,85,26,17,0,216,216,145,10,0,332,182,95,145,55,146,237,0,218,218,188,220,26,236,176,237,107
28,327,8,234,93,27,112,0,257,228,149,6,0,313,181,112,149,55,158,234,234,225,20,160,245,28,235,206,234,149
30,320,12,234,82,30,12,0,232,224,146,12,0,322,200,117,146,49,149,163,234,226,20,166,217,30,235,187,234,107
27,316,12,232,73,27,0,0,255,220,11,11,0,296,195,110,146,61,150,232,232,218,20,165,252,27,232,211,232,102
28,334,15,241,70,27,109,0,218,214,147,1,0,280,196,97,147,49,158,241,241,231,20,185,239,28,240,189,241,147
30,339,15,241,80,30,165,0,213,195,149,7,0,279,192,89,149,49,165,241,241,238,20,147,231,30,241,146,241,109
30,334,6,244,85,30,11,0,228,215,149,6,0,239,231,117,149,58,186,244,244,232,20,168,211,31,244,191,244,64
28,330,7,241,70,27,10,0,235,208,151,9,0,282,235,115,151,45,180,241,241,238,20,167,226,28,242,179,241,151
28,322,12,238,76,27,169,0,211,199,151,9,0,268,225,104,151,60,169,238,238,234,20,187,216,28,239,187,238,151
28,331,9,238,71,27,99,0,217,199,79,4,0,274,205,95,150,59,163,238,238,234,20,190,261,28,239,187,238,150
30,327,12,238,87,30,15,0,246,219,72,12,0,247,238,115,153,61,164,175,238,234,234,160,242,31,239,183,175,153
30,336,22,243,85,30,137,0,227,209,154,7,0,253,215,99,154,54,170,243,243,238,20,194,244,30,243,174,243,154
30,332,10,244,81,30,102,0,230,205,152,8,0,312,230,115,152,61,198,179,244,244,244,189,260,31,244,186,244,5
30,329,9,251,81,30,15,0,240,209,153,8,0,257,202,125,153,52,188,251,251,250,250,171,262,30,250,173,251,153
33,343,7,255,73,33,111,0,228,210,82,15,0,300,223,105,156,51,189,255,255,250,20,183,252,33,254,184,178,155
33,336,17,243,87,33,19,0,227,187,11,8,0,335,222,124,156,61,170,243,243,248,20,188,268,33,243,170,243,155
30,346,11,241,87,30,172,0,247,201,156,10,0,298,236,124,156,58,191,241,241,244,244,199,298,31,242,207,241,155
33,343,15,252,80,34,166,0,250,206,159,7,0,307,235,87,159,52,215,185,252,248,247,198,300,34,252,183,252,5
33,350,18,187,93,33,191,0,264,199,155,7,0,390,229,133,155,48,195,187,255,243,243,198,258,33,254,187,255,155
33,348,12,257,78,32,20,0,234,187,156,12,0,291,238,132,156,58,187,257,257,254,20,174,249,32,258,206,257,155
30,334,13,252,81,30,114,0,263,195,155,8,19,317,236,104,155,59,186,252,252,253,254,173,235,31,252,190,252,155
33,350,16,253,81,32,205,0,244,205,154,6,0,294,217,112,154,62,200,253,253,257,257,160,277,32,254,210,253,154
35,339,18,256,76,35,12,0,267,197,154,9,0,300,240,123,154,59,204,146,256,271,273,177,227,35,257,196,256,154
33,343,30,257,69,34,36,0,256,195,158,12,0,369,225,98,158,47,197,78,257,264,264,184,245,34,257,214,257,158
33,355,7,262,80,32,180,0,232,191,39,10,0,416,217,111,159,71,181,262,262,252,20,200,252,32,262,108,262,159
33,357,10,262,69,32,169,0,245,191,162,7,0,406,245,112,162,88,200,262,262,15,271,187,255,32,262,182,262,162
33,343,14,260,95,34,269,0,230,203,160,14,0,355,234,82,160,55,191,260,260,271,273,185,268,34,259,174,260,118
33,350,19,257,82,34,196,0,242,211,160,14,0,347,246,107,160,63,176,88,257,284,20,194,264,34,257,173,257,160
33,372,30,263,81,34,181,0,230,214,14,9,0,305,228,108,163,73,198,90,263,279,279,177,253,34,263,184,263,162
33,358,9,271,80,33,0,0,279,205,159,10,0,329,220,104,159,60,156,271,271,287,287,192,256,33,271,192,271,159
33,373,11,273,80,34,5,0,268,206,160,1,0,306,238,91,160,53,178,273,273,287,287,190,273,34,273,198,273,118
30,369,17,264,76,30,111,0,260,208,160,9,0,368,223,125,160,47,171,264,264,287,287,185,249,31,264,186,264,160
33,362,16,263,92,34,35,0,297,224,165,13,0,272,239,124,165,64,188,263,263,280,280,212,268,34,263,191,263,165
33,355,22,257,73,33,257,0,232,216,162,11,0,276,229,106,162,61,198,257,257,271,273,193,284,33,258,179,257,119
35,366,23,271,80,35,192,0,250,208,165,10,0,287,239,121,165,49,151,271,271,283,283,222,263,35,273,182,271,165
38,362,19,271,82,38,250,0,276,208,168,7,0,319,242,129,168,63,219,271,271,283,283,214,264,38,273,174,199,168
37,360,13,277,70,37,11,0,268,227,168,14,0,359,227,132,168,65,212,22,277,297,296,198,278,37,277,174,277,168
37,376,17,279,87,37,15,0,262,212,169,10,0,339,233,113,169,68,202,85,279,300,300,193,287,36,279,161,279,169
37,370,18,284,82,37,211,0,254,205,173,14,0,286,249,130,173,49,181,123,284,308,308,199,273,37,283,191,284,173
37,377,16,287,90,37,196,0,277,215,169,11,0,277,237,115,169,44,207,0,287,313,20,192,277,36,287,195,287,169
33,376,20,290,76,33,274,0,313,214,171,16,0,351,215,115,171,73,221,0,290,306,306,176,267,33,288,220,290,171
38,393,24,292,82,38,218,0,278,221,12,10,0,322,241,102,174,56,210,77,292,327,329,192,283,38,292,201,292,174
37,383,30,286,90,37,133,0,297,224,12,7,0,265,240,113,175,58,228,286,286,332,332,216,309,36,287,183,286,174
37,369,23,291,85,37,20,0,331,201,178,18,0,291,241,113,178,59,177,291,291,340,340,205,245,37,291,224,291,178
38,364,23,279,87,38,10,0,292,201,179,19,0,354,251,145,179,43,200,94,279,333,333,246,264,38,279,227,279,179
38,376,17,278,90,38,20,0,308,205,182,16,0,315,256,128,182,64,188,278,278,333,20,184,282,38,278,203,278,182
37,392,17,297,99,37,41,0,317,208,86,13,0,300,242,132,182,62,204,207,297,332,332,242,261,37,297,228,297,182
39,399,29,294,69,39,223,0,305,209,187,8,0,283,244,119,187,43,190,294,294,354,354,216,270,39,294,211,294,188
37,393,19,304,82,37,322,0,341,206,190,16,0,331,240,130,190,56,203,81,304,352,352,238,314,37,304,227,304,190
37,386,19,297,92,37,0,0,340,221,191,13,0,339,245,132,191,54,215,79,297,348,348,224,275,37,296,200,297,191
39,396,17,297,85,39,1,0,287,217,190,20,0,317,251,148,190,63,215,297,297,343,344,225,294,39,296,202,297,190
37,392,20,300,84,37,42,0,265,201,11,8,0,287,258,116,191,63,225,300,300,339,339,220,291,37,300,192,300,191
37,384,23,309,78,37,226,0,366,197,192,15,0,351,254,104,192,59,210,102,309,358,359,220,306,37,310,219,309,192
42,402,42,320,64,42,340,0,343,195,199,17,0,290,253,102,199,53,226,223,320,378,20,272,296,42,319,257,320,199
41,399,23,313,75,41,245,0,337,191,14,20,0,350,256,145,198,54,194,83,313,380,379,255,278,41,314,226,313,198
43,403,32,305,80,43,223,0,311,191,103,11,0,318,240,113,196,55,206,213,305,386,386,235,259,43,306,214,305,144
42,388,31,300,81,42,216,0,316,186,14,16,0,346,249,143,198,56,196,300,300,362,362,241,286,42,300,228,300,198
41,395,26,300,68,41,147,0,355,193,196,15,14,346,232,133,196,62,155,300,300,360,359,242,282,41,300,224,300,196
43,399,32,303,85,43,235,0,329,214,193,21,0,383,279,128,193,49,191,80,303,370,371,225,264,43,303,228,303,193
43,408,55,316,99,43,239,0,389,216,200,17,0,352,272,106,200,69,167,84,316,373,373,243,264,43,315,240,316,200
38,409,23,308,88,38,132,0,395,197,199,21,0,371,246,137,199,51,215,82,308,376,377,272,257,38,308,252,308,199
43,401,21,313,93,43,15,0,348,201,201,10,15,379,216,117,201,64,204,83,313,373,373,253,181,43,313,241,313,201
42,399,33,313,81,42,339,0,344,209,201,20,0,347,252,133,201,61,202,95,313,370,369,250,278,42,313,238,313,201
43,396,27,311,78,43,15,0,348,209,202,20,0,390,247,132,202,60,190,94,311,370,371,282,302,43,310,249,311,202
45,425,29,331,85,45,266,0,437,203,212,29,0,349,238,134,212,62,203,100,331,369,20,275,275,45,331,284,331,211
42,426,72,339,87,42,357,0,430,218,215,24,0,367,238,151,215,52,197,103,339,390,391,269,241,42,339,287,339,215
40,431,60,333,95,40,357,0,447,215,211,23,0,381,244,127,211,53,210,88,333,389,20,277,271,40,333,246,333,211
45,426,64,329,90,45,272,0,397,221,213,18,0,346,223,120,213,53,216,0,329,380,379,242,271,45,329,272,329,214
46,418,52,317,93,46,145,0,347,245,215,25,0,376,252,135,215,53,197,221,317,370,20,235,255,46,317,231,317,215
47,399,45,320,76,46,6,0,369,217,213,30,0,350,248,174,213,50,185,320,320,380,20,230,223,47,320,249,320,214
45,415,51,320,80,45,223,0,353,224,14,32,0,369,232,145,215,52,210,320,320,376,375,251,299,45,320,255,320,215
47,425,68,327,97,46,252,0,383,220,216,30,0,362,239,117,216,51,191,327,327,373,20,236,282,47,327,265,327,215
47,425,28,320,87,46,151,0,417,219,214,32,0,400,243,148,214,59,208,320,320,370,371,285,295,47,319,257,320,214
47,415,29,316,93,46,363,0,409,240,216,22,0,421,234,126,216,59,226,316,316,369,369,256,289,47,315,270,316,215
47,415,27,317,95,46,244,0,364,235,215,31,0,328,235,114,215,64,186,317,317,360,359,276,278,47,317,222,317,215
45,415,29,313,87,45,266,0,360,224,210,24,0,385,267,118,210,68,171,313,313,366,367,221,267,45,314,251,313,211
43,399,24,322,78,43,339,0,366,209,213,21,0,384,238,126,213,63,194,322,322,378,378,241,280,43,322,276,322,214
41,422,23,333,82,41,7,0,374,219,215,35,0,330,229,104,215,66,212,333,333,381,382,289,294,41,333,264,333,215
39,422,29,329,92,39,239,0,435,220,220,32,0,343,240,142,220,52,196,187,329,380,379,240,270,39,329,236,329,220
41,419,34,327,78,41,6,0,351,224,212,22,0,339,238,97,212,53,196,228,327,377,377,248,289,41,329,264,327,211
40,418,28,316,87,40,242,0,323,205,206,22,0,355,227,139,206,59,195,316,316,376,375,224,289,40,315,223,316,206
41,393,27,309,93,41,5,0,317,210,206,17,0,336,248,125,206,63,181,309,309,380,379,236,297,41,310,215,309,206
43,419,26,320,82,43,228,0,357,224,212,25,0,316,246,164,212,63,179,320,320,389,20,227,257,43,320,247,320,211
43,439,32,336,84,43,146,0,437,211,215,19,0,371,260,137,215,50,180,336,336,394,394,256,278,43,336,266,336,215
41,442,18,343,85,41,392,0,387,217,217,26,0,399,243,102,217,58,188,343,343,400,20,240,278,41,343,252,343,218
45,419,23,336,85,45,265,0,375,201,215,19,0,412,254,131,215,71,198,336,336,376,20,286,293,45,336,216,336,215
40,439,33,327,87,40,15,0,334,210,213,29,0,425,249,126,213,64,206,240,327,382,382,256,294,40,329,215,327,214
43,399,30,322,76,43,6,0,345,191,205,30,0,406,231,103,205,70,187,322,322,380,379,208,247,43,322,218,322,204
41,393,30,313,82,41,156,0,348,212,11,24,0,412,235,115,202,58,196,95,313,377,20,223,273,41,314,216,313,202
40,403,33,306,78,40,27,0,353,186,202,19,0,353,226,128,202,65,188,93,306,369,369,247,259,40,306,238,306,202
43,381,30,298,82,43,245,0,323,201,197,21,0,365,232,96,197,59,165,298,298,362,362,213,258,43,297,225,298,197
37,387,41,297,73,37,147,0,298,224,14,22,0,314,202,112,192,55,174,297,297,357,357,214,244,37,296,226,297,5
33,362,43,290,73,34,0,0,287,195,192,31,0,318,234,101,192,50,185,290,290,363,363,192,234,34,291,191,290,192
37,362,45,271,75,37,6,0,277,191,14,14,0,319,218,131,182,52,168,271,271,355,20,191,261,37,271,210,117,182
37,343,24,274,85,37,136,0,322,195,14,38,0,310,223,129,185,44,164,118,274,370,20,209,218,37,273,206,274,5
40,343,31,267,75,40,0,0,299,205,184,19,0,356,207,139,184,53,138,115,267,354,354,189,263,40,268,210,267,184
37,340,27,263,80,37,11,0,291,182,11,20,0,374,220,113,179,51,160,183,263,350,350,241,266,36,263,222,263,131
38,331,29,263,73,38,119,0,254,182,176,37,0,342,222,111,176,66,158,193,263,334,334,213,278,38,263,187,263,129
33,330,35,257,78,33,5,0,315,171,91,10,0,335,217,100,173,61,123,189,257,334,334,167,274,33,257,198,257,127
30,313,23,248,80,30,10,0,280,168,172,23,0,364,193,119,172,44,152,182,248,338,339,195,224,30,250,214,248,120
33,317,46,248,69,32,162,0,247,172,11,20,0,315,226,114,169,56,150,141,248,320,20,176,233,32,247,191,248,169
29,316,19,245,90,30,122,0,241,145,79,22,0,273,193,102,166,52,137,245,245,301,301,186,251,29,245,163,171,122
30,311,35,238,73,30,5,0,234,160,162,10,0,297,210,78,162,46,147,175,238,294,294,163,237,31,238,184,238,162
27,304,33,230,71,27,6,0,238,158,160,16,0,306,198,81,160,36,136,169,230,309,310,164,209,27,230,164,230,160
26,285,29,226,90,26,184,0,225,149,73,25,0,280,189,86,154,50,152,226,226,301,301,136,231,26,227,186,226,154
26,276,24,222,75,26,0,0,221,142,0,10,0,275,187,95,148,51,144,163,222,301,301,137,204,26,221,166,222,45
26,267,32,211,84,26,0,0,189,150,145,16,0,256,189,105,145,44,112,155,211,297,297,120,173,26,210,162,211,145
25,270,20,211,66,26,106,0,236,145,75,11,0,216,181,99,143,40,133,155,211,285,285,130,167,25,212,183,211,143
23,267,33,214,70,23,106,0,181,135,26,15,0,235,164,117,141,44,127,20,0,293,293,155,167,23,214,158,214,98
23,275,23,211,70,23,167,0,181,146,14,17,0,239,175,82,141,38,116,155,211,294,20,157,214,24,211,134,91,1
23,260,24,201,73,22,98,0,169,132,65,13,0,246,170,101,137,48,136,148,201,286,287,138,212,22,201,133,87,137
23,255,22,193,84,22,155,0,198,153,71,9,0,223,162,65,5,47,129,142,193,277,277,126,173,22,193,147,134,135
19,248,24,197,68,19,36,0,189,129,62,12,0,201,173,81,131,38,119,145,197,276,277,153,208,19,197,155,197,57
23,250,20,195,70,22,152,0,190,145,14,14,0,189,161,98,128,40,116,59,195,291,291,128,195,22,195,158,195,5
19,241,24,75,82,19,6,0,211,134,3,10,0,212,128,69,127,37,114,140,8,264,20,142,192,19,191,159,82,89
21,246,27,188,76,21,19,0,207,128,14,11,0,199,152,60,126,33,128,70,0,255,20,137,222,21,187,162,138,54
16,234,17,181,68,16,6,0,168,126,121,7,0,210,130,72,121,44,117,55,181,267,266,113,189,16,181,191,126,89
18,230,20,178,66,18,89,0,176,123,54,15,0,197,148,85,115,38,100,101,0,257,257,112,182,18,178,145,35,85
14,234,20,172,71,14,1,0,176,141,117,6,0,192,140,70,117,33,106,126,172,264,264,118,171,14,172,130,172,1
16,229,18,174,56,16,6,0,157,133,61,9,0,176,145,79,116,30,135,20,0,257,20,120,161,16,174,123,75,116
18,227,26,179,59,18,5,0,157,128,11,13,0,231,126,78,113,33,128,20,0,263,263,117,189,18,178,133,77,5
16,230,15,172,70,16,0,0,147,115,11,6,0,179,120,70,113,45,119,66,172,243,243,104,159,16,172,83,15,83
13,218,19,170,66,13,6,0,121,119,57,11,0,219,134,75,109,32,133,97,0,248,250,79,151,13,171,113,118,5
13,215,22,124,58,13,0,0,148,123,12,8,0,203,125,58,109,46,88,51,169,237,236,119,117,13,168,120,169,15
10,214,20,162,68,10,19,0,154,115,11,5,0,183,131,61,104,37,104,49,162,234,20,78,153,10,162,129,41,77
10,201,21,159,63,11,10,0,169,109,11,8,0,194,135,57,103,39,23,48,159,234,234,111,152,11,159,143,69,75
10,201,32,155,59,11,10,0,175,112,18,7,0,195,150,60,100,38,117,114,8,234,234,95,160,11,155,158,108,73
10,204,25,153,70,10,6,0,157,105,14,5,0,167,130,56,100,31,23,112,153,231,20,97,155,10,153,92,66,41
10,204,20,150,55,10,13,0,123,101,14,4,0,194,131,84,98,35,101,20,150,222,20,83,117,10,150,141,105,5
7,195,14,107,63,7,5,0,129,101,0,6,0,165,129,71,97,36,91,20,0,225,224,85,108,7,145,115,12,42
10,198,20,104,71,10,2,0,141,90,2,9,0,176,135,44,98,35,23,20,141,218,218,92,145,10,141,130,61,5
8,191,8,153,61,7,18,0,143,105,39,8,0,168,132,54,95,33,105,20,8,222,221,84,147,8,153,129,12,95
9,195,20,152,59,9,19,0,149,91,14,4,0,180,118,85,95,31,23,46,152,206,206,92,123,9,152,146,7,41
7,194,21,147,63,7,4,0,151,84,43,3,0,152,145,66,91,33,90,84,147,208,208,95,129,7,147,129,63,4
8,185,22,139,56,7,20,0,124,90,0,11,0,152,129,65,89,24,96,37,0,204,205,101,141,8,138,117,60,4
9,184,17,101,59,9,36,0,147,109,8,6,0,180,125,59,87,35,91,20,0,208,20,70,149,9,138,114,59,1
5,185,13,102,58,5,0,0,153,92,11,9,0,143,133,54,86,36,88,60,8,199,20,91,117,5,140,137,35,5
7,179,14,6,58,7,5,0,135,101,0,2,0,163,120,60,87,27,23,35,0,198,20,79,103,7,133,124,0,38
5,176,10,130,61,5,6,0,137,96,12,5,0,158,130,36,82,36,23,91,13,192,191,91,121,5,130,109,56,4
5,176,20,92,52,5,18,0,131,86,10,6,0,145,125,57,5,27,23,20,8,193,20,84,114,5,125,132,125,35
5,169,24,88,59,5,6,0,141,91,0,6,0,127,108,70,78,24,23,52,8,172,172,89,150,5,119,82,52,34
5,165,17,87,52,5,6,0,135,82,8,4,0,140,124,51,73,29,23,36,0,174,175,72,138,5,119,134,51,5
5,155,16,130,61,5,0,0,140,77,0,6,0,121,121,60,72,26,82,26,130,179,178,76,104,5,130,112,15,2
4,160,15,95,50,4,19,0,148,63,36,4,0,131,114,57,76,30,23,39,130,168,20,86,112,4,130,143,7,2
5,166,10,118,46,5,0,0,159,60,26,3,0,140,121,48,5,11,23,118,118,170,20,112,169,5,119,129,51,31
4,155,9,116,55,4,6,0,140,73,12,9,0,134,120,60,70,24,120,51,0,173,20,92,128,4,115,129,15,30
4,145,20,80,70,4,0,0,126,21,11,3,0,127,116,62,5,27,104,80,0,15,20,84,111,4,109,37,6,5
4,137,14,78,52,4,11,0,126,61,0,8,0,126,107,51,65,29,23,26,106,152,20,73,100,4,105,69,46,0
4,139,22,75,44,3,0,0,126,19,12,6,0,118,81,45,62,21,23,14,0,144,20,63,97,3,101,120,71,46
4,135,14,75,59,3,0,0,90,19,21,5,0,132,116,48,26,28,23,58,0,150,20,83,108,3,101,101,20,46
4,135,18,24,42,3,0,0,93,19,0,3,0,122,94,38,56,21,23,14,0,147,20,57,108,3,91,68,20,4
0,119,13,39,52,0,11,0,103,19,0,5,0,88,92,45,53,22,23,14,0,130,20,56,84,1,90,93,39,1
0,105,12,24,46,0,0,0,100,19,18,9,0,135,82,51,52,26,23,0,0,128,20,53,102,0,80,77,0,22
2,106,15,74,61,3,0,0,83,27,0,6,0,90,96,52,5,31,23,22,8,116,20,50,88,2,73,35,20,21
0,105,10,53,50,0,0,0,95,15,39,8,0,86,87,34,46,30,23,20,0,132,133,47,80,1,72,101,6,34
2,93,14,55,52,3,0,0,88,19,22,5,0,89,105,34,15,20,23,0,13,15,20,47,88,2,75,33,10,4
0,89,16,6,44,0,0,0,60,14,10,4,0,122,103,56,26,26,23,14,0,125,126,73,97,1,68,0,17,4
0,95,12,48,50,0,11,0,102,14,2,7,0,104,89,37,5,16,23,22,0,124,20,45,75,1,66,58,11,2
0,80,8,0,47,0,18,0,84,14,12,1,0,91,78,61,26,19,23,26,0,120,20,55,101,0,60,71,26,0
0,83,13,0,40,0,0,0,100,16,0,0,0,89,73,47,5,16,23,26,0,114,20,48,79,0,60,66,35,2
0,83,18,24,44,0,0,0,99,6,2,5,0,109,76,33,5,16,23,22,0,15,20,53,81,0,60,64,11,1
0,80,12,24,42,0,0,0,88,16,0,4,0,102,76,50,5,21,23,20,0,121,121,38,72,0,59,86,10,2
0,79,9,7,38,0,0,0,86,14,0,5,0,83,77,45,31,23,23,26,0,15,20,45,64,1,49,28,10,2
0,72,12,1,35,0,0,0,78,9,10,2,0,66,63,37,29,14,23,26,0,95,20,39,80,0,49,28,20,1
0,68,24,0,38,0,0,0,87,14,2,2,0,75,66,32,15,11,23,22,0,89,20,44,74,0,42,57,10,0
